node,z1,z2,z3,z4
n01,-0.187,-0.702,0.812,-0.839
n02,-0.284,-0.587,0.776,-0.773
n03,-0.168,-0.687,0.872,-0.945
n04,-0.109,-0.653,0.769,-0.839
n05,-0.219,-0.739,0.748,-0.708
n06,-0.635,-0.659,0.746,-0.492
n07,-0.747,-0.28,0.702,-0.509
n08,-0.53,-0.567,0.67,-0.474
n09,-0.805,-0.496,0.886,-0.667
n10,-0.48,-0.503,0.726,-0.614
n11,0.727,0.231,-0.145,-0.301
n12,0.587,-0.307,-0.206,0.089
n13,0.671,-0.008,-0.16,-0.15
n14,0.469,-0.665,-0.216,0.315
n15,0.623,-0.357,-0.246,0.148
n16,0.516,-0.627,-0.257,0.335
n17,1.558,1.042,0.763,-0.345
n18,0.776,0.632,-1.073,-1.23
n19,0.704,0.532,-0.951,-1.332
n20,1.32,0.902,0.88,-0.327
